cluster,size,consensus
77,24182,<pad> <pad> <pad> <pad> <pad> <pad> <pad> <pad> <pad>
44,23042,<pad> <pad> <pad> <pad> <pad> <pad> <pad> <pad> <pad>
80,22707,CTG CTG CTG CTG CTG CTG CTG CTG CTG
13,22699,CTG CTG CTG CTG CTG CTG CTG CTG CTG
99,22460,CTG CTG CTG CTG CTG CTG CTG CTG CTG
88,22453,CTG CTG CTG CTG CTG CTG CTG CTG CTG
27,22153,CTG CTG CTG CTG CTG CTG CTG CTG CTG
25,21884,CTG CTG CTG CTG CTG CTG CTG CTG CTG
33,21869,CTG CTG CTG CTG CTG CTG CTG CTG CTG
20,21048,<pad> <pad> <pad> <pad> <pad> <pad> <pad> <pad> <pad>
87,20318,CTG CTG CTG CTG CTG CTG CTG CTG CTG
57,20189,CTG CTG CTG CTG CTG CTG CTG CTG CTG
45,20174,<pad> <pad> <pad> <pad> <pad> <pad> <pad> <pad> <pad>
8,20139,CTG CTG CTG CTG CTG CTG CTG CTG CTG
7,20038,CTG CTG CTG CTG CTG CTG CTG CTG CTG
48,19921,CTG CTG CTG CTG CTG CTG CTG CTG CTG
40,19639,CTG CTG CTG CTG CTG CTG CTG CTG CTG
92,19539,CTG CTG CTG CTG CTG CTG CTG CTG CTG
62,19416,CTG CTG CTG CTG CTG CTG CTG CTG CTG
3,19405,CTG CTG CTG CTG CTG CTG CTG CTG CTG
31,19386,CTG CTG CTG CTG CTG CTG CTG CTG CTG
5,19278,<pad> <pad> <pad> <pad> <pad> <pad> <pad> <pad> <pad>
10,19053,CTG CTG CTG CTG CTG CTG CTG CTG CTG
89,18977,CTG CTG CTG CTG CTG CTG CTG CTG CTG
11,18812,CTG CTG CTG CTG CTG CTG CTG CTG CTG
47,18594,<pad> <pad> <pad> <pad> <pad> <pad> <pad> <pad> <pad>
0,18526,CTG CTG CTG CTG CTG CTG CTG CTG CTG
41,18523,CTG CTG CTG CTG CTG CTG CTG CTG CTG
90,18452,CTG CTG CTG CTG CTG CTG CTG CTG CTG
50,18227,CTG CTG CTG CTG CTG CTG CTG CTG CTG
81,18169,ATT GAA GAA GAA GAT GAA GAA CTG CTG
49,18114,<pad> <pad> <pad> <pad> <pad> <pad> <pad> <pad> <pad>
18,17945,CTG CTG CTG CTG CTG CTG CTG CTG CTG
39,17902,ATT ATT ATT ATT ATT CTG ATT CTG CTG
35,17874,ATT ATT ATT ATT ATT ATT ATT ATT ATT
52,17802,CTG CTG CTG CTG CTG CTG CTG CTG CTG
97,17732,ATT ATT ATT ATT CTG CTG CTG GAA CTG
83,17637,CTG CTG CTG CTG CTG CTG CTG CTG CTG
60,17474,<pad> <pad> <pad> <pad> <pad> <pad> <pad> <pad> <pad>
94,17410,CTG CTG CTG CTG CTG CTG CTG CTG CTG
4,17393,CTG CTG CTG CTG CTG CTG CTG CTG CTG
43,17370,CTG CTG CTG CTG CTG CTG CTG CTG CTG
29,17361,CTG CTG CTG CTG CTG CTG CTG CTG CTG
65,17268,CTG CTG CTG CTG CTG CTG CTG CTG CTG
72,17244,CTG CTG CTG CTG CTG CTG CTG CTG CTG
82,16954,<pad> <pad> <pad> <pad> <pad> <pad> <pad> <pad> <pad>
76,16947,CTG CTG CTG CTG CTG CTG CTG CTG CTG
68,16942,CTG CTG CTG CTG CTG CTG CTG CTG CTG
6,16920,GAT GAT ATT GAT GAT ATT GAT ATT ATT
71,16848,CTG CTG CTG CTG CTG CTG CTG CTG CTG
38,16788,<pad> <pad> <pad> <pad> <pad> <pad> <pad> <pad> <pad>
59,16681,ATT ATT ATT ATT ATT GAA GAA ATT ATT
95,16622,GAA GAA ATT GAA GAA GAA CTG CTG CTG
34,16616,CTG CTG CTG CTG CTG CTG CTG CTG CTG
63,16595,GAT GAT GAT GAT GAT GAT GAT GAT GAT
66,16588,CTG CTG CTG CTG CTG CTG CTG CTG CTG
54,16551,CTG CTG CTG CTG CTG CTG CTG CTG CTG
15,16404,ATT GAT GAT GAT ATT GAA ATT GAA GAA
84,16288,CTG CTG CTG CTG CTG CTG CTG CTG CTG
79,16228,ATG ATG AAA AAA CTG CTG CTG CTG CTG
46,16025,CTG CTG CTG CTG CTG CTG CTG CTG CTG
53,15972,<pad> <pad> <pad> <pad> <pad> <pad> <pad> <pad> <pad>
22,15969,GAA ATT ATT GAA GAA GAA GAA GAA GAT
98,15882,CTG GAT CTG CTG CTG GAT GAT CTG CTG
64,15823,CTG CTG CTG CTG CTG CTG CTG CTG CTG
17,15781,GAA ATT ATT ATT ATT ATT ATT ATT ATT
55,15731,GAT ATT ATT ATT ATT ATT ATT ATT ATT
75,15674,CTG CTG CTG CTG CTG CTG CTG CTG CTG
26,15663,CTG CTG CTG CTG CTG CTG CTG CTG CTG
96,15616,CTG CTG CTG CTG CTG CTG CTG CTG CTG
73,15522,GAT CTG ATT GAA GAA GAT GAA GAT CTG
67,15481,CTG CTG CTG CTG CTG CTG CTG CTG CTG
58,15402,<pad> <pad> <pad> <pad> <pad> <pad> <pad> <pad> <pad>
86,15321,CTG CTG CTG CTG CTG CTG CTG CTG CTG
16,15280,<pad> <pad> <pad> <pad> <pad> <pad> <pad> <pad> <pad>
24,15222,GAT ATT GAA ATT ATT ATT ATT GAA GAA
56,15088,CTG CTG CTG CTG CTG CTG CTG CTG CTG
69,14935,GAA ATT GAT GAT GAT GAT GAT GAA GAA
12,14929,CTG CTG CTG CTG CTG CTG CTG CTG CTG
51,14801,GAT GAT GAT ATT ATT ATT ATT ATT ATT
30,14792,<pad> <pad> <pad> <pad> <pad> <pad> <pad> <pad> <pad>
36,14572,CTG CTG CTG CTG CTG CTG CTG CTG CTG
19,14360,<pad> <pad> <pad> <pad> <pad> <pad> <pad> <pad> <pad>
32,14349,GAT GAT GAT GAT GAA GAA GAA GAA GAA
78,14344,<pad> <pad> <pad> <pad> <pad> <pad> <pad> <pad> <pad>
9,14333,GAA GAT GAA GAT GAT GAT GAT CTG GAT
2,14314,CTG CTG CTG CTG CTG CTG CTG CTG CTG
42,13936,CTG CTG CTG CTG CTG CTG CTG CTG CTG
14,13817,CTG CTG CTG CTG CTG CTG CTG CTG CTG
85,13814,CTG CTG CTG CTG CTG CTG CTG CTG CTG
23,13522,ATT ATT ATT ATT ATT ATT ATT ATT ATT
70,13465,CTG CTG CTG CTG CTG CTG CTG CTG CTG
1,13130,<pad> <pad> <pad> <pad> <pad> <pad> <pad> <pad> <pad>
91,12873,CTG CTG CTG CTG CTG CTG CTG CTG CTG
28,12832,CTG CTG CTG CTG CTG CTG CTG CTG CTG
61,12740,ATT ATT ATT GAA GAA GAA GAA ATT ATT
93,12196,GAT ATT ATT ATT ATT ATT ATT ATT ATT
21,11592,ATT ATT ATT ATT ATT ATT ATT ATT ATT
74,11565,CTG CTG CTG CTG CTG CTG CTG CTG CTG
37,9839,GAT GAT GAT GAT GAT ATT ATT ATT ATT
